{
    "openapi": "3.0.0",
    "info": {
        "title": "DeskAPI Information",
        "version": "1.0"
    },
    "paths": {
        "/api/items/": {
            "get": {
                "tags": [
                    "items"
                ],
                "summary": "Получает список объявлений",
                "description": "Возвращает список всех объявлений",
                "operationId": "getItems",
                "responses": {
                    "200": {
                        "description": "Список объявлений получен"
                    },
                    "404": {
                        "description": "Ошибка при получение объявлений"
                    }
                }
            },
            "post": {
                "tags": [
                    "items"
                ],
                "summary": "Создает объявление",
                "description": "Создает объявление",
                "operationId": "postItem",
                "responses": {
                    "200": {
                        "description": "Объявление создано"
                    },
                    "404": {
                        "description": "Ошибка при создание объявления"
                    }
                }
            }
        },
        "/api/items/{id}": {
            "get": {
                "tags": [
                    "items"
                ],
                "summary": "Получает объявление",
                "description": "Возвращает объявление",
                "operationId": "getItem",
                "parameters": [
                    {
                        "name": "id",
                        "in": "path",
                        "description": "ID объявления",
                        "required": true,
                        "schema": {
                            "type": "integer",
                            "format": "int64"
                        },
                        "example": "1"
                    }
                ],
                "responses": {
                    "200": {
                        "description": "Объявление получено"
                    },
                    "404": {
                        "description": "Ошибка. Объявление не получено"
                    }
                }
            }
        },
        "/api/items/sort/{id}": {
            "get": {
                "tags": [
                    "items"
                ],
                "summary": "Сортирует объявление в зависимости от категории",
                "description": "Сортирует объявление в зависимости от категории",
                "operationId": "getByDate",
                "parameters": [
                    {
                        "name": "id",
                        "in": "path",
                        "description": "ID категории",
                        "required": true,
                        "schema": {
                            "type": "integer",
                            "format": "int64"
                        },
                        "example": "1"
                    }
                ],
                "responses": {
                    "200": {
                        "description": "Отсортированные объявления получены"
                    },
                    "404": {
                        "description": "Ошибка при получение объявлений по категориям"
                    }
                }
            }
        }
    }
}